{"cameraMode":{"drawMode":0,"name":"Shaded","section":"Shading Mode"},"sceneLighting":false,"audioPlay":false,"sceneViewState":{"showFog":true,"showMaterialUpdate":false,"showSkybox":false,"showFlares":true,"showImageEffects":true,"showParticleSystems":true},"in2DMode":false,"pivot":{"x":39.499900817871097,"y":90.38645935058594,"z":-56.562313079833987},"rotation":{"x":0.19678562879562379,"y":-0.7648824453353882,"z":0.2743709683418274,"w":0.5485898852348328},"size":407.7510070800781,"orthographic":false}