{"cameraMode":{"drawMode":0,"name":"Shaded","section":"Shading Mode"},"sceneLighting":false,"audioPlay":false,"sceneViewState":{"showFog":true,"showMaterialUpdate":false,"showSkybox":true,"showFlares":true,"showImageEffects":true,"showParticleSystems":true},"in2DMode":false,"pivot":{"x":1.238518238067627,"y":51.0,"z":-0.8800000548362732},"rotation":{"x":-0.1631932258605957,"y":-0.47052937746047976,"z":0.06909824907779694,"w":-0.8644047379493713},"size":28.786500930786134,"orthographic":false}