{"cameraMode":{"drawMode":0,"name":"Shaded","section":"Shading Mode"},"sceneLighting":false,"audioPlay":false,"sceneViewState":{"showFog":true,"showMaterialUpdate":false,"showSkybox":false,"showFlares":true,"showImageEffects":true,"showParticleSystems":true},"in2DMode":false,"pivot":{"x":3.1288671493530275,"y":0.29028797149658205,"z":0.566349446773529},"rotation":{"x":0.11633056402206421,"y":-0.7833428978919983,"z":0.1542401909828186,"w":0.5908054113388062},"size":0.20208308100700379,"orthographic":false}