{"cameraMode":{"drawMode":0,"name":"Shaded","section":"Shading Mode"},"sceneLighting":false,"audioPlay":false,"sceneViewState":{"showFog":true,"showMaterialUpdate":false,"showSkybox":true,"showFlares":true,"showImageEffects":true,"showParticleSystems":true},"in2DMode":false,"pivot":{"x":0.24442613124847413,"y":0.3435114920139313,"z":0.006960533559322357},"rotation":{"x":0.0757099837064743,"y":0.9205071330070496,"z":-0.31099286675453188,"w":0.22409406304359437},"size":0.36374932527542117,"orthographic":false}