{"cameraMode":{"drawMode":0,"name":"Shaded","section":"Shading Mode"},"sceneLighting":false,"audioPlay":false,"sceneViewState":{"showFog":true,"showMaterialUpdate":false,"showSkybox":true,"showFlares":true,"showImageEffects":true,"showParticleSystems":true},"in2DMode":false,"pivot":{"x":0.10999999940395355,"y":0.27540844678878786,"z":0.01599999889731407},"rotation":{"x":-0.21442922949790955,"y":-0.04189015179872513,"z":0.009205239824950695,"w":-0.9757974743843079},"size":0.6789630651473999,"orthographic":false}