{"cameraMode":{"drawMode":0,"name":"Shaded","section":"Shading Mode"},"sceneLighting":false,"audioPlay":false,"sceneViewState":{"showFog":true,"showMaterialUpdate":false,"showSkybox":true,"showFlares":true,"showImageEffects":true,"showParticleSystems":true},"in2DMode":false,"pivot":{"x":-0.0002237558364868164,"y":0.8256949186325073,"z":0.044069886207580569},"rotation":{"x":-0.03656595200300217,"y":0.9520966410636902,"z":-0.276165634393692,"w":-0.12612496316432954},"size":4.6817402839660648,"orthographic":false}